Id,Status,Type,Name,Collection,Restricted to Groups,Number of Times Tagged,Created By
350787,Archived,Label,News - Mentioning RMI,,RMI,373,
350832,Archived,Label,ACCC,,RMI,32,
351636,Archived,Label,BRC Risk Report,,RMI,13,
358312,Archived,Label,Aviation Action Plan Report,,RMI,10,
358397,Archived,Label,Mobility HUB Report,,RMI,14,
361777,Archived,Label,MOD Cities Report,,RMI,8,
365934,Archived,Label,Process for Purpose,,RMI,18,
366551,Archived,Label,Spark Solicitation,,RMI,11,
369922,Archived,Label,Ushering in New Mobility,,RMI,5,
369924,Archived,Label,Mobility,,RMI,5,
372205,Archived,Label,Hiring,,RMI,39,
373030,Archived,Label,Islands,,RMI,1,
373553,Archived,Label,Quarterly Impact 2019,,RMI,36,
375016,Archived,Label,Buildings,,RMI,3,
375144,Archived,Label,City Renewables Center,,RMI,18,
378176,Archived,Label,NACFE,,RMI,42,
381999,Archived,Label,IWD2019,,RMI,9,
384246,Archived,Label,India Mobility,,RMI,4,
384257,Archived,Label,REBA,,RMI,8,
384443,Archived,Label,Industry,,RMI,3,
384529,Archived,Label,GTZ Forum 2019,,RMI,5,
385709,Archived,Label,GBDS 2019,,RMI,0,
407318,Archived,Label,Earth Day 2019,,RMI,30,
423749,Archived,Label,Aviation,,RMI,0,
423750,Archived,Label,Good Traveler,,RMI,0,
430769,Archived,Label,Solutions Journal 2019,,RMI,6,
431124,Archived,Label,Landers Spring Challenge,,RMI,3,
435643,Archived,Label,Paris Anniversary 2019,,RMI,16,
445803,Archived,Label,Poseidon Principles,,,62,
449218,Archived,Label,EV Shenzhen Report,,RMI,11,
493084,Archived,Label,CEP Reports 2019,,RMI,94,
515555,Archived,Label,Fall Appeal 2019,,RMI,0,
518935,Archived,Label,elab Summit,,RMI,0,
524620,Archived,Label,RunOnLess,,RMI,0,
652763,Archived,Campaign,[1] Third Derivative,,RMI,642,
652777,Archived,Label,Global Stimulus Report,,RMI,15,
653560,Archived,Label,Puerto Rico,,RMI,19,
681401,Archived,Label,CRA Tracker,,RMI,45,
684689,Archived,Label,Coal Report,,,6,
691197,Archived,Label,Cen. Climate-Aligned Finance,,RMI,181,
691245,Archived,Label,Regulatory Solutions,,RMI,17,
695311,Archived,Label,Solar Under Storm,,RMI,13,
698636,Archived,Label,Climate TRACE,,RMI,31,
705180,Archived,Label,US Climate Cities,,RMI,12,
705181,Archived,Label,Cities,,RMI,69,
705189,Archived,Label,Africa Energy Program,,RMI,16,
711550,Archived,Label,US City Stimulus,,,12,
730128,Archived,Label,COVID-19,,RMI,31,
730157,Archived,Label,RMI in the News,,RMI,128,
743778,Archived,Label,Building Electrification,,RMI,47,
744682,Active,Label,Spring Appeal,,RMI,52,
749689,Archived,Label,News,,RMI,414,
749953,Archived,Label,[p] webinar/panel/event,,RMI,98,
752264,Archived,Label,"Africa, Southeast Asia, and Islands Program",,RMI,228,
752266,Archived,Label,Resilient Leaders Video Series,,,79,
752267,Archived,Label,Nigeria,,RMI,36,
752268,Archived,Label,GVE,,RMI,9,
752270,Archived,Label,Acob Lighting,,RMI,2,
752271,Archived,Label,Clean Technology Hub,,RMI,10,
752272,Archived,Label,REA Nigeria,,RMI,8,
752273,Archived,Label,NAYO Tech,,RMI,5,
752274,Archived,Label,SESA-PR,,RMI,9,
752275,Archived,Label,Bermuda,,RMI,15,
752276,Archived,Label,Government of Bermuda,,RMI,8,
752277,Archived,Label,Ethiopia,,RMI,15,
752278,Archived,Label,Ethio Resource Group,,RMI,7,
752279,Archived,Label,Turks and Caicos,,RMI,6,
752280,Archived,Label,FortisTCI,,RMI,6,
752281,Archived,Label,Bahamas,,RMI,6,
752283,Archived,Label,Government of Bahamas,,RMI,6,
755742,Archived,Label,Climate Week,,RMI,24,
757343,Archived,Campaign,[1] RMI Industries,,RMI,5049,
757345,Archived,Label,Golden Key Report,,RMI,0,
757395,Archived,Label,Breakthrough Technologies Program,,RMI,55,
757396,Archived,Label,Climate Action Engine,,RMI,27,
757520,Archived,Label,Recasting the Golden Key,,RMI,23,
768401,Archived,Label,Regions Take Action,,RMI,14,
768405,Archived,Label,Cities & States,,RMI,93,
771014,Archived,Label,Resilient Leaders Intro Video,,,8,
772511,Archived,Label,Breathing Life Back Into Cities,,RMI,32,
772609,Archived,Label,Global Cooling Prize,,RMI,47,
773835,Archived,Label,Partner Content,,RMI,222,
773838,Archived,Label,RMI Institutional,,RMI,59,
774943,Archived,Label,Development,,RMI,78,
780173,Archived,Label,Space Cooling Primer,,RMI,12,
781038,Archived,Label,GTM,,RMI,45,
782322,Archived,Label,Economics of Electrifying Buildings,,RMI,30,
788075,Archived,Label,Sub-Saharan Africa Stimulus,,RMI,9,
790283,Archived,Label,Op-ed,,RMI,61,
791641,Archived,Campaign,[1] RMI China,,RMI,157,
791642,Archived,Label,Shenzhen Reports,,RMI,8,
804662,Archived,Label,State of Green Banks,,RMI,27,
804663,Archived,Label,Global Climate Finance,,RMI,83,
804707,Archived,Label,Recruiting,,RMI,3,
807769,Archived,Label,Carbon-Free Buildings Program,,RMI,674,
810807,Archived,Label,Breakthrough Technology,,RMI,1,
810900,Archived,Label,ZED Paper,,,18,
812152,Archived,Label,Fall Appeal 2020,,RMI,31,
814581,Archived,Campaign,[1] RMI Urban Transformation,,RMI,544,
817087,Active,Label,Annual Report,,RMI,13,
817821,Archived,Label,Press Release,,RMI,32,
817825,Archived,Campaign,[1] RMI Intelligence,,RMI,983,
817930,Archived,Label,CFAN,,RMI,44,
824035,Archived,Label,Mention Carbon-Free Buildings Program,,RMI,27,
824041,Archived,Campaign,[1] RMI Transportation,,,5997,
824042,Archived,Label,Mention Carbon-Free Mobility Program,,,0,
824043,Archived,Label,Mention Climate Intelligence Program,,,6,
824044,Archived,Label,Mention Breakthrough Technologies Program,,,7,
824046,Archived,Label,Mention Climate-Aligned Industries Program,,,0,
824047,Active,Label,ETA/CFAN,,,34,
824048,Archived,Label,Mention Urban Transformation Program,,,52,
824049,Archived,Campaign,[1] RMI Policy,,,1885,
824050,Archived,Label,Mention US Program,,,65,
824051,Archived,Label,Mention China Program,,,0,
824052,Archived,Label,Mention India Program,,,0,
824053,Archived,Label,"Mention Africa, Southeast Asia, and Islands Program",,,6,
824054,Archived,Label,Strategic Analysis and Engagement Group,,,27,
824055,Archived,Label,Mention Strategic Engagement and Analysis Group,,,0,
824058,Archived,Label,Mention Third Derivate,,RMI,17,
824059,Archived,Label,Share News,,RMI,36,
824067,Archived,Label,Mention Global Climate Finance Program,,RMI,7,
824815,Archived,Campaign,[1] RMI Electricity,,RMI,9374,
824816,Archived,Label,Mention Carbon-Free Electricity,,RMI,5,
826076,Archived,Label,CRA,,RMI,147,
826462,Archived,Label,Coming Back Stronger Report,,RMI,87,
829300,Archived,Label,Mokoloki Report,,RMI,17,
829317,Archived,Label,Negative Sentiment,,RMI,9,
829897,Archived,Label,Concrete Influence,,RMI,35,
829970,Archived,Label,Employee Engagement,,RMI,61,
831578,Archived,Label,Virginia Energy Policy Simulator,,RMI,30,
831656,Archived,Label,Electrifying Economies Launch,,RMI,37,
831747,Archived,Label,Opposition,,RMI,0,
833309,Archived,Label,RMI Rewind 2020,,RMI,6,
836595,Archived,Label,Podcast,,RMI,34,
836896,Archived,Label,HR,,,43,
836897,Archived,Campaign,[1] RMI Brand,,,600,
837061,Archived,Label,Global Influencer,,,0,
837062,Archived,Label,Industry Influencer,,,0,
837063,Archived,Label,Activated Community,,,22,
839004,Archived,Label,climate alignment,,RMI,0,
839818,Archived,Label,Energy System Transformation for a 1.5°C Future,,RMI,5,
843321,Archived,Label,Curated Content,,RMI,4,
849602,Archived,Label,eTNC Report,,RMI,39,
854068,Archived,Label,Event,,RMI,150,
855390,Archived,Label,Run on Less 2021,,RMI,52,
857051,Archived,Label,ETC Power Report,,RMI,29,
859469,Archived,Label,Americas Pledge,,RMI,7,
859963,Archived,Label,Advocacy,,RMI,16,
859979,Archived,Label,Neutral,,RMI,0,
859980,Archived,Label,Neutral Sentiment,,RMI,10,
859981,Archived,Label,Consideration,,RMI,10,
861157,Active,Label,[3] <2.2 mins Video,,RMI,193,
861160,Archived,Label,VIdeo 2019,,RMI,165,
861162,Archived,Label,Video 2020,,RMI,156,
863668,Archived,Label,Fleets Survey Report,,RMI,38,
869039,Archived,Label,Seeds of Opportunity Report,,RMI,60,
869293,Archived,Label,Mission Possible Partnership,,RMI,76,
870180,Archived,Label,Energy Web,,RMI,8,
876344,Archived,Label,Rebrand,,RMI,115,
891140,Archived,Label,Strong Mention,,RMI,7,
891182,Archived,Label,Announcement,,RMI,39,
891493,Archived,Label,Zero-Carbon Targeted IEP Report,,RMI,21,
893922,Archived,Label,Newsletter,,RMI,10,
895379,Archived,Label,America Is All In,,RMI,30,
913232,Archived,Label,How to Build CEPs Report,,RMI,21,
916280,Archived,Label,Cutting Carbon Report,,RMI,23,
916790,Archived,Label,Nevada Energy Policy Simulator,,RMI,6,
923758,Archived,Label,Zeroing In Report,,RMI,21,RMI Social Media
932296,Archived,Label,Off-Site PPA Report,,RMI,7,RMI Social Media
934764,Archived,Label,Zero-Carbon Investment Opportunities Report,,RMI,13,RMI Social Media
943667,Active,Label,Canary Launch,,Canary Media,35,Stephanie Primavera
944756,Active,Label,Jeff St. John,,Canary Media,2304,Stephanie Primavera
945004,Active,Label,Canary Newsletter,,Canary Media,224,Stephanie Primavera
945251,Active,Label,Justin Guay,,Canary Media,10,Stephanie Primavera
946514,Active,Label,Eric Wesoff,,Canary Media,611,Stephanie Primavera
946752,Archived,Label,Green Mortgages Report,,RMI,9,RMI Social Media
947566,Active,Label,Canary Video,,Canary Media,77,Stephanie Primavera
949068,Active,Label,David Roberts,,Canary Media,159,Stephanie Primavera
949132,Archived,Label,CRA City Stories,,RMI,66,RMI Social Media
950344,Active,Label,Canary Featured Guest,,Canary Media,581,Stephanie Primavera
953282,Active,Label,Clubhouse,,Canary Media,66,Stephanie Primavera
953695,Archived,Label,GCP - Grand Award Ceremony,,RMI,21,RMI Social Media
953733,Archived,Label,Carbon Mapper,,RMI,5,RMI Social Media
953774,Active,Label,AIS Daily News,,"Africa, Islands, Southeast Asia Program",7,Tierney Sheehan
953776,Active,Label,AIS Islands,,"Africa, Islands, Southeast Asia Program",27,Tierney Sheehan
953779,Active,Label,AIS Africa,,"Africa, Islands, Southeast Asia Program",8,Tierney Sheehan
953780,Active,Label,AIS Bermuda Bus,,"Africa, Islands, Southeast Asia Program",1,Tierney Sheehan
953781,Active,Label,AIS Team,,"Africa, Islands, Southeast Asia Program",6,Tierney Sheehan
953788,Active,Label,AIS Resilient Leaders Islands Web,,"Africa, Islands, Southeast Asia Program",10,Tierney Sheehan
953789,Active,Label,AIS Puerto Rico,,"Africa, Islands, Southeast Asia Program",1,Tierney Sheehan
953790,Active,Label,AIS The Bahamas,,"Africa, Islands, Southeast Asia Program",2,Tierney Sheehan
953792,Active,Label,AIS SE Asia,,"Africa, Islands, Southeast Asia Program",0,Tierney Sheehan
955391,Active,Label,RMI Partnership,,Canary Media,79,Stephanie Primavera
955645,Active,Label,Julian Spector,,Canary Media,1062,Stephanie Primavera
955650,Active,Label,Emma Foehringer Merchant,,Canary Media,101,Stephanie Primavera
955683,Archived,Label,Sustainable Aviation Buyers Alliance,,RMI,9,RMI Social Media
960519,Archived,Label,Zero Emissions Delivery Campaign,,RMI,2,RMI Social Media
962585,Archived,Label,Spring Appeal 2021,,RMI,7,RMI Social Media
965185,Active,Label,AIS St. Vincent,,"Africa, Islands, Southeast Asia Program",2,Tierney Sheehan
965186,Active,Label,AIS Partner,,"Africa, Islands, Southeast Asia Program",2,Tierney Sheehan
965187,Active,Label,AIS Video,,"Africa, Islands, Southeast Asia Program",0,Tierney Sheehan
965188,Active,Label,AIS Webinar,,"Africa, Islands, Southeast Asia Program",0,Tierney Sheehan
965189,Active,Label,AIS Brand,,"Africa, Islands, Southeast Asia Program",0,Tierney Sheehan
965190,Active,Label,AIS Rebrand,,"Africa, Islands, Southeast Asia Program",0,Tierney Sheehan
965191,Active,Label,AIS Campaign,,"Africa, Islands, Southeast Asia Program",1,Tierney Sheehan
965192,Active,Label,AIS Project,,"Africa, Islands, Southeast Asia Program",0,Tierney Sheehan
965193,Active,Label,AIS Announcement,,"Africa, Islands, Southeast Asia Program",0,Tierney Sheehan
965194,Active,Label,AIS Who We Are,,"Africa, Islands, Southeast Asia Program",0,Tierney Sheehan
965195,Active,Label,AIS Rewind,,"Africa, Islands, Southeast Asia Program",0,Tierney Sheehan
965196,Active,Label,AIS LDC,,"Africa, Islands, Southeast Asia Program",0,Tierney Sheehan
965197,Active,Label,AIS IKEA,,"Africa, Islands, Southeast Asia Program",5,Tierney Sheehan
967021,Archived,Label,Scaling US Climate Ambitions Report,,RMI,17,RMI Social Media
967036,Archived,Label,Utility Transition Hub,,RMI,17,RMI Social Media
975801,Archived,Label,Harvard Heat Map,,RMI,19,RMI Social Media
977900,Archived,Label,Productive Uses of Energy In Ethiopia,,RMI,8,RMI Social Media
981964,Active,Label,Canary Careers,,Canary Media,34,Stephanie Primavera
985254,Archived,Label,Climate Mayors Green and Equitable Recovery,,RMI,10,RMI Social Media
989021,Archived,Label,Colorado Energy Policy Simulator,,RMI,6,RMI Social Media
994031,Active,Label,AIS Energy With Intent,,"Africa, Islands, Southeast Asia Program",9,Tierney Sheehan
995394,Active,Label,Engagement,,Canary Media,10,Stephanie Primavera
1001253,Active,Label,AIS Ethiopia Productive Uses Report,,"Africa, Islands, Southeast Asia Program",5,Tierney Sheehan
1001870,Archived,Label,Energy System Transformation Report,,RMI,0,RMI Social Media
1005126,Active,Label,Charging Up,,Canary Media,227,Stephanie Primavera
1008903,Active,Label,Canary Partner,,Canary Media,154,Stephanie Primavera
1010617,Active,Label,Canary Sponsor,,Canary Media,92,Stephanie Primavera
1015337,Archived,Label,EV Charging for All Report,,RMI,15,RMI Social Media
1024767,Archived,Label,Fast Tracking Freight in India,,RMI,11,RMI Social Media
1025670,Archived,Label,Green Bank Design Summit,,RMI,16,RMI Social Media
1029092,Archived,Label,G7,,RMI,24,RMI Social Media
1036175,Archived,Label,Africa: Energy with Intent,,RMI,17,RMI Social Media
1043659,Archived,Label,Enhancing Urban Freight Systems Handbook,,RMI,8,Maria Hennessey
1046191,Active,Label,Solar High Rollers,,Canary Media,10,Stephanie Primavera
1048038,Archived,Label,Rapid Response Blog,,RMI,37,Maria Hennessey
1052260,Archived,Label,Powering Sustainable Aviation Report,,RMI,5,Maria Hennessey
1052621,Archived,Label,Global Thought Leaders Campaign,,RMI,3,Maria Hennessey
1053092,Archived,Label,Clean Power by the Hour Report,,RMI,10,Maria Hennessey
1066151,Archived,Label,Emeritus Insight Series,,RMI,5,Maria Hennessey
1068439,Active,Label,Follow the Money,,Canary Media,13,Stephanie Primavera
1077052,Archived,Label,Job Opening,,RMI,3,Maria Hennessey
1077770,Archived,Label,Building Better Climate,,RMI,10,Maria Hennessey
1090398,Archived,Label,Turning Around the Power Distribution Report,,RMI,12,Maria Hennessey
1092595,Archived,Label,[p] amory lovins,,RMI,61,Maria Hennessey
1094408,Archived,Label,Reducing Embodied Carbon Report,,RMI,13,Maria Hennessey
1097992,Archived,Label,IPCC Report Aug 21,,RMI,11,Maria Hennessey
1101003,Archived,Campaign,RMI Roundup,,"RMI, Africa, Islands, Southeast Asia Program",13,RMI Social Media
1101004,Archived,Label,rmi,,RMI,0,RMI Social Media
1101005,Archived,Label,RMI Roundup,,RMI,10,RMI Social Media
1104785,Archived,Label,7/27 Paolo Testimony Congress,,RMI,16,Maria Hennessey
1108653,Archived,Label,Rapid Response News,,RMI,41,Maria Hennessey
1110718,Archived,Label,Aggregation Guide Aug 21,,RMI,21,Maria Hennessey
1123151,Archived,Label,Concrete Solutions Guide,,RMI,11,Maria Hennessey
1124612,Archived,Label,Trends,,RMI,26,Maria Hennessey
1124730,Archived,Label,RR July Report,,RMI,5,Maria Hennessey
1124780,Archived,Label,California Wildfire + Grid,,RMI,8,Maria Hennessey
1124851,Archived,Label,Infrastructure Trends,,RMI,3,Maria Hennessey
1124929,Archived,Label,RR Semira Tag,,RMI,10,Maria Hennessey
1125109,Archived,Label,random sample,,RMI,10,RMI Social Media
1125210,Archived,Label,Methane RR Blog,,RMI,6,Maria Hennessey
1127437,Archived,Label,Rapid Response - Ida,,RMI,7,Maria Hennessey
1129160,Active,Label,Political Climate,,Canary Media,142,Stephanie Primavera
1129161,Active,Label,Podcast,,Canary Media,470,Stephanie Primavera
1130717,Archived,Label,Keep 1.5 Alive,,RMI,10,Maria Hennessey
1138175,Archived,Label,Exxon,,,0,Maria Hennessey
1138176,Archived,Label,MiQ,,,2,Maria Hennessey
1138778,Archived,Label,MPP Bezos Earth Fund,,RMI,6,RMI Social Media
1141349,Archived,Label,Climate Week NYC - 2021,,,43,Maria Hennessey
1143717,Archived,Label,REALIZE,,RMI,0,Maria Hennessey
1143723,Archived,Label,Jules Kortenhorst,,RMI,0,Maria Hennessey
1143871,Archived,Label,Rapid Response - Infrastructure Bill,,RMI,1,Maria Hennessey
1145284,Active,Label,Climate Now,,Canary Media,2,Stephanie Primavera
1150111,Active,Label,Shoonya,,RMI,20,Maria Hennessey
1155394,Archived,Label,Rapid Response- Hurricane Maria,,RMI,3,Maria Hennessey
1155599,Active,Label,reality check,,RMI,23,Maria Hennessey
1156108,Archived,Label,Getting to Zero Forum,,RMI,6,Maria Hennessey
1157781,Active,Label,VERGE,,RMI,63,Maria Hennessey
1160555,Active,Label,Friday Social,,Canary Media,91,Stephanie Primavera
1163261,Archived,Label,C40 Renewable Energy Declaration,,RMI,3,Maria Hennessey
1166044,Archived,Label,Zero-Carbon Steel in China Report,,RMI,6,Maria Hennessey
1174423,Archived,Label,SINAI Partnership,,RMI,4,Maria Hennessey
1176230,Archived,Label,Project Shirley- Google Report,,RMI,13,Maria Hennessey
1176507,Active,Label,Canary Webinar,,Canary Media,24,Stephanie Primavera
1176556,Archived,Label,MPP Webinar 10/14,,RMI,3,Maria Hennessey
1176562,Archived,Label,Project Shirley- RMI Blog,,RMI,1,Maria Hennessey
1187317,Archived,Label,Decarbonizing Homes Report,,RMI,11,Maria Hennessey
1226820,Active,Label,Chart of the Week,,Canary Media,785,Stephanie Primavera
1232778,Archived,Label,SHIFT Calculator,,RMI,14,Maria Hennessey
1240844,Archived,Label,RMI Staff,,RMI,29,Maria Hennessey
1241048,Active,Label,Canary Library,,Canary Media,5,Stephanie Primavera
1244299,Archived,Label,COP26,,RMI,128,Maria Hennessey
1248908,Active,Label,MVO,,Canary Media,300,Stephanie Primavera
1249889,Active,Label,Canary COP26 coverage,,Canary Media,37,Stephanie Primavera
1251264,Archived,Label,Climate & Cocktails!,,RMI,33,Maria Hennessey
1251562,Archived,Label,Debbie Gordon Book Launch,,RMI,2,Maria Hennessey
1251913,Archived,Label,American Cities Climate Challenge,,RMI,2,Maria Hennessey
1257983,Archived,Label,Financing the Coal Transition Report,,RMI,6,Maria Hennessey
1258038,Archived,Label,Sustainable Cooling Handbook Report,,RMI,8,Maria Hennessey
1260342,Archived,Label,Green Hydrogen Catapult,,RMI,11,Maria Hennessey
1262605,Active,Label,The Carbon Copy,,Canary Media,249,Stephanie Primavera
1262617,Active,Label,Catalyst,,Canary Media,283,Stephanie Primavera
1266999,Archived,Label,Ensuring An Equitable Energy Transition Report,,RMI,14,Maria Hennessey
1268901,Archived,Label,annual report 2021,,RMI,23,Maria Hennessey
1272632,Archived,Label,AIR Toolbox,,RMI,1,Maria Hennessey
1275199,Archived,Label,COMET,,RMI,1,Maria Hennessey
1280651,Archived,Label,#COP26,,RMI,32,Maria Hennessey
1284540,Archived,Label,The Future of Landfills is Bright Report,,RMI,12,Maria Hennessey
1284893,Active,Label,AIS Equity Report,,"Africa, Islands, Southeast Asia Program",8,Tierney Sheehan
1284898,Active,Label,GS,,"Africa, Islands, Southeast Asia Program",0,Tierney Sheehan
1284899,Active,Label,GS Equity Report,,"Africa, Islands, Southeast Asia Program",8,Tierney Sheehan
1287016,Archived,Label,Air Agencies Can End Fossil Fuel Pollution Buildings Report,,RMI,1,Maria Hennessey
1291824,Archived,Label,Fall Appeal 2021,,RMI,26,Maria Hennessey
1299547,Active,Label,Canary Pledge Drive,,Canary Media,55,Stephanie Primavera
1299552,Active,Label,Pledge Drive,,Canary Media,23,Stephanie Primavera
1308201,Archived,Label,Emerging Leaders Webinar 12/7,,RMI,16,Maria Hennessey
1315868,Archived,Label,Uday Congress testimony,,RMI,4,Maria Hennessey
1316055,Active,Label,Maria Gallucci,,Canary Media,1041,Stephanie Primavera
1318524,Archived,Label,Gas Line Extensions Insight Brief,,RMI,6,Maria Hennessey
1320383,Active,Label,js,,Canary Media,0,Stephanie Primavera
1330054,Active,Label,Down to the Wire,,Canary Media,62,Stephanie Primavera
1332808,Archived,Label,Headwinds for US Gas Power: Report,,RMI,3,Maria Hennessey
1336563,Archived,Label,Top 15 Climate Developments of 2021,,RMI,15,Maria Hennessey
1340052,Archived,Label,Top 10 Blog Posts of 2021,,RMI,5,RMI Social Media
1398933,Active,Label,Canary Debate,,Canary Media,2,Stephanie Primavera
1461072,Archived,Label,Global Methane Pledge,,RMI,7,Maria Hennessey
1468430,Active,Label,Alison Takemura,,Canary Media,457,Stephanie Primavera
1469642,Archived,Label,Conference,,RMI,2,Ali Hanson
1478645,Active,Label,[4] Holiday/DEI,,RMI,85,Ali Hanson
1484696,Archived,Label,Run on Less 2022,,RMI,6,Madison Hall
1484710,Archived,Label,ETA/CFAN Programs,,RMI,30,Madison Hall
1484738,Archived,Label,Biden Administration News,,RMI,5,Madison Hall
1484748,Archived,Label,RMI Stories,,RMI,1,Madison Hall
1484889,Archived,Label,Russia/Ukraine War,,RMI,18,Madison Hall
1493347,Archived,Label,Economist Sustainability Week,,RMI,5,Madison Hall
1500333,Active,Label,Eating The Earth,,Canary Media,55,Stephanie Primavera
1507190,Archived,Label,MENA Climate Week,,RMI,4,Madison Hall
1507257,Archived,Label,Meme,,RMI,0,Madison Hall
1508819,Active,Label,applied hope,,RMI,33,Madison Hall
1509697,Archived,Label,SEJ Conference,,RMI,10,Madison Hall
1510066,Archived,Label,ipcc,,RMI,6,Ali Hanson
1511865,Active,Label,solar,,RMI,36,Ali Hanson
1523338,Archived,Campaign,[1] RMI India,,RMI,680,Ali Hanson
1533877,Active,Label,Canary Explainer,,Canary Media,34,Stephanie Primavera
1535614,Archived,Label,Climate Equity,,RMI,2,Madison Hall
1546072,Archived,Label,Horizon Zero,,RMI,0,Madison Hall
1547418,Archived,Label,Community Solar+,,RMI,5,Madison Hall
1547992,Archived,Label,40th anniversary,,RMI,17,Ali Hanson
1563153,Active,Label,Earth Day,,RMI,14,Madison Hall
1566414,Archived,Label,Inside Amory's Brain,,RMI,15,Ali Hanson
1566435,Archived,Label,survey monkey,,RMI,2,Ali Hanson
1566436,Archived,Campaign,[1] RMI Development,,RMI,173,Ali Hanson
1568149,Archived,Label,quarterly impact 2022,,RMI,7,Ali Hanson
1570309,Active,Label,Kingsmill Bond,,RMI,39,Madison Hall
1581011,Archived,Label,Hurricane Preparedness Week,,RMI,3,Madison Hall
1581034,Archived,Label,Q&A,,RMI,1,Madison Hall
1582680,Archived,Label,Hydrogen myth busting,,RMI,10,Ali Hanson
1595956,Archived,Label,Mothers Day,,RMI,1,Madison Hall
1608940,Archived,Label,SEforALL 2022,,RMI,1,Madison Hall
1616520,Archived,Label,Funding Our Future,,RMI,10,Madison Hall
1625004,Archived,Label,clean hydrogen,,RMI,6,Madison Hall
1625013,Archived,Label,United Nations,,RMI,5,Madison Hall
1627424,Archived,Label,Policy,,RMI,93,Madison Hall
1656617,Archived,Label,PACTA,,RMI,4,Ali Hanson
1660048,Archived,Label,Sarah Ladislaw,,RMI,4,Ali Hanson
1661250,Archived,Label,RMI Islands,,RMI,41,Ali Hanson
1661256,Archived,Label,CERI,,RMI,2,Ali Hanson
1665348,Active,Label,Canary Special Coverage,,Canary Media,405,Stephanie Primavera
1667406,Archived,Label,heat pumps,,RMI,15,Ali Hanson
1672993,Archived,Label,Electric Vehicles,,RMI,11,Ali Hanson
1687687,Archived,Label,SAE,,RMI,12,Madison Hall
1693857,Active,Label,Canary Forum,,Canary Media,46,Stephanie Primavera
1694958,Archived,Label,RMI Newsletter,,RMI,3,Madison Hall
1702844,Archived,Label,State Scorecard,,RMI,24,Ali Hanson
1722658,Archived,Label,Carilec,,RMI,4,Madison Hall
1733483,Active,Label,101,,RMI,14,Madison Hall
1733500,Archived,Label,CDR Campaign,,RMI,4,Madison Hall
1733522,Archived,Label,Islands FB Launch,,RMI,1,Madison Hall
1733543,Archived,Label,marketforce newsletters,,RMI,0,Madison Hall
1745034,Archived,Label,60 minutes,,RMI,4,Madison Hall
1747155,Archived,Label,Earth Overshoot Day,,RMI,3,Madison Hall
1747169,Archived,Label,National Intern Day,,RMI,1,Madison Hall
1747219,Archived,Label,UNEP,,RMI,3,Madison Hall
1758687,Active,Label,IRA,,RMI,117,Madison Hall
1760931,Archived,Label,resilient solutions,,RMI,4,Madison Hall
1760964,Archived,Label,dmv report,,RMI,4,Madison Hall
1783826,Active,Label,COP 27,,RMI,377,Madison Hall
1783828,Archived,Label,COP Manifesto,,RMI,3,Madison Hall
1818662,Archived,Label,WIRE,,RMI,18,Madison Hall
1835099,Archived,Label,climate week nyc - 2022,,RMI,26,Madison Hall
1835657,Archived,Label,donor story,,RMI,0,Madison Hall
1848845,Archived,Label,DOE,,RMI,2,Madison Hall
1848848,Archived,Label,justice week,,RMI,2,Madison Hall
1854285,Archived,Label,Microgrids Now,,RMI,0,Madison Hall
1854332,Archived,Label,CIP,,RMI,4,Madison Hall
1854333,Archived,Label,steel guidance,,RMI,1,Madison Hall
1861992,Archived,Label,GCEAF,,RMI,11,Ali Hanson
1882811,Archived,Label,Hurricane,,RMI,3,Ali Hanson
1888777,Archived,Label,Debbie Gordon,,RMI,1,Ali Hanson
1911422,Archived,Label,PEEP,,RMI,5,Ali Hanson
1911423,Archived,Label,Pembroke,,RMI,2,Ali Hanson
1922400,Archived,Label,ceo,,RMI,1,Madison Hall
1934752,Archived,Label,TEDx JL Feature,,RMI,4,Tierney Sheehan
1942581,Archived,Label,OPEC,,RMI,3,Madison Hall
1948156,Archived,Label,vidmob,,RMI,2,Madison Hall
1951443,Archived,Label,World cities day,,RMI,0,Madison Hall
1952599,Archived,Label,environmental justice,,RMI,3,Madison Hall
1985859,Archived,Label,Blockchain,,RMI,0,Ali Hanson
1989052,Archived,Label,G20,,RMI,6,Ali Hanson
1989053,Archived,Label,Indonesia,,RMI,3,Ali Hanson
2005429,Archived,Label,giving tuesday,,RMI,3,Madison Hall
2010918,Archived,Label,RMI Voices of COP27,,RMI,4,Tierney Sheehan
2014768,Archived,Label,Shipping,,RMI,1,Ali Hanson
2014778,Active,Label,Methane,,RMI,17,Ali Hanson
2014779,Active,Label,Jon Creyts,,RMI,27,Ali Hanson
2014797,Archived,Label,Clean Heat Forum,,RMI,1,Ali Hanson
2014802,Archived,Label,Steel,,RMI,16,Ali Hanson
2021614,Archived,Campaign,GtZF,,,13,Chris Potter
2022461,Archived,Label,cop27,,RMI,18,Sara Herrin
2022789,Archived,Label,FUN,,RMI,6,Chris Potter
2037581,Active,Label,urban nature,,RMI,17,Shelby Kuenzli
2042928,Archived,Label,fall appeal 2022,,RMI,7,Madison Hall
2043006,Archived,Label,Peaking series,,RMI,11,Madison Hall
2043405,Archived,Label,Yearly Recap,,RMI,9,Ali Hanson
2045458,Archived,Label,#CFANcelebrates,,RMI,20,Denali Hussin
2047777,Active,Label,coal,,RMI,29,Ali Hanson
2068786,Active,Label,Brady Seals,,RMI,22,Ali Hanson
2070942,Archived,Label,VP3 Launch,,RMI,11,Madison Hall
2077519,Archived,Campaign,Schools Report,,RMI,2,Chris Potter
2082762,Archived,Label,Davos,,RMI,2,Ali Hanson
2082764,Archived,Label,Deloitte,,RMI,5,Ali Hanson
2091160,Archived,Campaign,APHA,,RMI,1,Chris Potter
2110521,Archived,Label,Bitcoin,,RMI,0,Ali Hanson
2110527,Archived,Label,Cryptocurrency,,RMI,2,Ali Hanson
2129471,Archived,Label,energy policy simulator,,RMI,5,Madison Hall
2141532,Archived,Label,CREF,,RMI,0,Tierney Sheehan
2141533,Archived,Label,CREF 2022,,RMI,7,Tierney Sheehan
2145099,Archived,Label,Women and Gender,,RMI,3,Conrad Borges
2145903,Active,Label,QIR,,RMI,18,Madison Hall
2150886,Archived,Label,green jobs report,,RMI,3,Madison Hall
2153275,Archived,Label,solarize campaign,,RMI,3,Madison Hall
2159639,Archived,Label,Weather,,RMI,3,Ali Hanson
2159649,Active,Label,Hydrogen,,RMI,44,Ali Hanson
2170956,Archived,Label,Plastic,,RMI,3,Ali Hanson
2172862,Archived,Label,womens history month,,RMI,6,Madison Hall
2193335,Archived,Label,Interns,,RMI,3,Ali Hanson
2195053,Archived,Label,international womens day,,RMI,19,Madison Hall
2200216,Archived,Label,bloomberg,,RMI,2,Madison Hall
2200759,Archived,Label,IWD23,,RMI,3,Denali Hussin
2215286,Archived,Label,Silicon Valley Bank,,RMI,9,Ali Hanson
2220921,Archived,Label,Quarterly Impact,,RMI,3,Ali Hanson
2232471,Archived,Label,[ce] RMI Caribbean,,RMI,16,Conrad Borges
2232479,Archived,Label,[ce] RMI Policy,,RMI,64,Conrad Borges
2232495,Archived,Campaign,[1] RMI Africa,,RMI,1877,Conrad Borges
2232503,Archived,Label,[ce] RMI Climate Intelligence,,RMI,14,Conrad Borges
2232505,Archived,Label,[ce] RMI Buildings,,RMI,84,Conrad Borges
2232506,Archived,Label,[ce] RMI Climate-Aligned Industries,,RMI,63,Conrad Borges
2232509,Archived,Label,[ce] RMI Urban Transformation,,RMI,77,Conrad Borges
2232515,Active,Label,[ce] Highlight,,RMI,40,Conrad Borges
2244959,Active,Label,[ce] Brand Response,,RMI,1217,Conrad Borges
2244975,Active,Label,[ce] Flag,,RMI,171,Conrad Borges
2244977,Active,Label,[4] Pre Event/ Webinar,,RMI,591,Conrad Borges
2244986,Archived,Label,[ce] RMI India,,RMI,16,Conrad Borges
2245011,Archived,Label,[ce] RMI Electricity,,RMI,58,Conrad Borges
2245065,Archived,Label,[ce] RMI Transportation,,RMI,26,Conrad Borges
2245078,Archived,Campaign,[1] RMI Strategy,,RMI,2363,Conrad Borges
2245124,Active,Label,[ce] Urgent,,RMI,3,Conrad Borges
2245171,Archived,Campaign,[1] RMI CFAN,,RMI,691,Conrad Borges
2254129,Archived,Label,OCI+,,RMI,2,Ali Hanson
2254947,Archived,Label,[ce] principal,,RMI,15,Conrad Borges
2254974,Archived,Label,[ce] Third Derivative,,RMI,1,Conrad Borges
2257212,Archived,Label,[ce] post deleted,,RMI,1,Conrad Borges
2257274,Active,Label,crypto,,RMI,1605,Conrad Borges
2270646,Archived,Label,[p] spring appeal,,RMI,6,Madison Hall
2272331,Archived,Label,[2] report/blog,,RMI,1634,Conrad Borges
2275174,Archived,Campaign,[1] Center for Climate-Aligned Finance,,RMI,232,Conrad Borges
2276953,Archived,Campaign,[1] RMI Caribbean,,RMI,546,Ali Hanson
2294919,Active,Label,new RMIer,,RMI,37,Conrad Borges
2294979,Active,Label,nuclear,,RMI,785,Conrad Borges
2294980,Active,Label,LODHA,,RMI,9,Conrad Borges
2305568,Archived,Label,[ce] RMI Global South,,RMI,13,Conrad Borges
2305590,Archived,Label,[ce] inappropriate,,RMI,1,Conrad Borges
2305600,Active,Label,crisis,,RMI,2832,Conrad Borges
2305636,Active,Label,Amory Lovins,,RMI,63,Conrad Borges
2305807,Archived,Label,[ce] partner,,RMI,1,Conrad Borges
2309810,Active,Label,VPP,,RMI,23,Conrad Borges
2312568,Archived,Campaign,[1] RMI Buildings,,,4955,Conrad Borges
2312576,Active,Label,[p] Link,,RMI,250,Conrad Borges
2312774,Active,Label,heatpump,,RMI,26,Conrad Borges
2312780,Active,Label,[3] Figure/ Graph,,RMI,172,Conrad Borges
2312791,Active,Label,[3] Real People,,RMI,302,Conrad Borges
2312794,Active,Label,[3] Stock,,RMI,504,Conrad Borges
2312807,Archived,Label,principal,,RMI,82,Conrad Borges
2314897,Active,Label,[3] Text Graphic,,RMI,555,Conrad Borges
2321671,Active,Label,[4] RMI In Media,,,1000,Conrad Borges
2335147,Active,Label,controlled copy,,,9,Conrad Borges
2353901,Active,Label,astroturf,,RMI,52,Conrad Borges
2376268,Active,Label,dei,,RMI,11,Madison Hall
2377391,Active,Label,pride,,RMI,13,Conrad Borges
2409726,Active,Label,user-generated content,,RMI,7,Conrad Borges
2423214,Active,Label,fedex,,RMI,4,Conrad Borges
2423215,Active,Label,concrete,,RMI,3,Conrad Borges
2423236,Active,Label,credits,,RMI,1,Conrad Borges
2428653,Active,Label,resilience month,,RMI,20,Tierney Sheehan
2436029,Active,Label,influencer,,RMI,4713,Conrad Borges
2448122,Archived,Label,[1] RMI Global South,,RMI,3110,Conrad Borges
2448130,Active,Label,canary media,,,36,Conrad Borges
2462873,Active,Label,radical implementation,,RMI,10,Tierney Sheehan
2474787,Archived,Campaign,[1] Catalytic Climate Capital,,,6,Conrad Borges
2474848,Active,Label,2023-2025_CoalvGas,,,13,Conrad Borges
2476930,Active,Label,[4] Misc. Non-CTA,,,64,Conrad Borges
2489181,Active,Label,[3] RMIer(s),,,82,Conrad Borges
2522473,Active,Label,[4] RMI Landing Page,,,157,Conrad Borges
2578228,Archived,Campaign,[1] RMI Southeast Asia,,,6,Conrad Borges
2578573,Archived,Label,[crisis] China,,,13,Conrad Borges
2578574,Active,Label,"Shell, BP",,,312,Conrad Borges
2578580,Active,Label,gas stoves,,,90,Conrad Borges
2578581,Active,Label,thought leader,,,75,Conrad Borges
2582538,Active,Label,CCS / DAC / CDR,,,561,Conrad Borges
2617920,Active,Label,crypto / $EWT,,,872,Conrad Borges
2617926,Active,Label,CCP / Communism,,,25,Conrad Borges
2698565,Active,Label,COP28,,,141,Conrad Borges
2709170,Active,Label,Talent Acquisition,,,0,Conrad Borges
2795509,Active,Label,cop28—dubai time,,RMI,17,Conrad Borges
2821674,Active,Label,MGR,,RMI,10,Chris Potter
2823238,Active,Label,just transition,,RMI,0,Tierney Sheehan
2823241,Active,Label,just transition video,,RMI,8,Tierney Sheehan
2968095,Active,Label,spring appeal 2023,,,20,Ali Hanson
2968178,Active,Label,Fall Appeal 2023,,,13,Ali Hanson
2970956,Active,Label,[4] RMI Report,,,69,Ali Hanson
2970957,Active,Label,[4] Internal Article/ Blog,,,173,Ali Hanson
2970992,Active,Label,[4] Announcement,,,27,Ali Hanson
2978216,Active,Label,Spring Appeal 2024,,,30,Ali Hanson
3133146,Active,Label,[2] RMI Africa,,,65,Alva Nguyen
3133147,Active,Label,[2] RMI Brand,,,16,Alva Nguyen
3133149,Active,Label,[2] RMI Buildings,,,31,Alva Nguyen
3133150,Active,Label,[2] RMI Caribbean,,,10,Alva Nguyen
3133151,Active,Label,[2] RMI CFAN,,,4,Alva Nguyen
3133152,Active,Label,[2] RMI China,,,10,Alva Nguyen
3133153,Active,Label,[2] RMI Development,,,18,Alva Nguyen
3133155,Active,Label,[2] RMI Electricity,,,41,Alva Nguyen
3133156,Active,Label,[2] RMI India,,,10,Alva Nguyen
3133157,Active,Label,[2] RMI Industries,,,75,Alva Nguyen
3133159,Active,Label,[2] RMI Intelligence,,,45,Alva Nguyen
3133160,Active,Label,[2] RMI Policy,,,44,Alva Nguyen
3133161,Active,Label,[2] RMI Southeast Asia,,,0,Alva Nguyen
3133162,Active,Label,[2] RMI Strategy,,,43,Alva Nguyen
3133163,Active,Label,[2] RMI Transportation,,,5,Alva Nguyen
3133164,Active,Label,[2] RMI Urban Transformation,,,1,Alva Nguyen
3133165,Active,Label,[2] Third Derivative,,,10,Alva Nguyen
3133168,Active,Label,[2] Catalytic Climate Capital,,,6,Alva Nguyen
3133169,Active,Label,[2] Center for Climate-Aligned Finance,,,3,Alva Nguyen
3135032,Active,Label,[1] 1. Accelerate Adoption Of Electric 2/3 Wheelers Globally,,,5,Alva Nguyen
3135033,Active,Label,[1] 2. Facilitate Investment In EV Infrastructure,,,8,Alva Nguyen
3135035,Active,Label,"[1] 3. Net-Zero, Thermally-Comfortable Buildings In GS",,,12,Alva Nguyen
3135037,Active,Label,[1] 4. Net-Zero Buildings In US,,,32,Alva Nguyen
3135041,Active,Label,[1] 5. Transform Utility Biz Models To Support CE In GS,,,12,Alva Nguyen
3135048,Active,Label,[1] 6. Pipeline Of Bankable Global South Projects,,,21,Alva Nguyen
3135057,Active,Label,[1] 7. Shift To Majority-Renewable New Supply In China,,,8,Alva Nguyen
3135058,Active,Label,[1] 8. Support US Electric Facilities In Biz Planning,,,25,Alva Nguyen
3135059,Active,Label,[1] 9. Enable Low-Emissions Hydrogen Production​,,,42,Alva Nguyen
3135064,Active,Label,[1] 10. Support First-Of-Its-Kind CO2 Removal Projects​,,,5,Alva Nguyen
3135065,Active,Label,[1] 11. Improve Bankability Of Decarb Projects ​,,,8,Alva Nguyen
3135066,Active,Label,"[1] 12. Reduce Methane Leakage In India, China, US​",,,38,Alva Nguyen
3135068,Active,Label,[1] 13. Empower Leaders To Fast-Track Clean Energy Trans,,,6,Alva Nguyen
3135069,Active,Label,[1] 14. Drive Market For Climate Products And Services,,,17,Alva Nguyen
3135073,Active,Label,[1] 15. Deploy Climate-Aligned Investment Globally,,,22,Alva Nguyen
3135074,Active,Label,[1] 16. Facilitate Effective Deployment Of IRA Funding​,,,33,Alva Nguyen
3135076,Active,Label,[1] 17. Change Global Energy Transition Narrative,,,19,Alva Nguyen
3135081,Active,Label,[1] 18. Support Climate Tech Startups In Valleys Of Death​,,,10,Alva Nguyen
3135084,Active,Label,[1] 19. Adoption Of Energy Efficiency & Demand Mgmt,,,36,Alva Nguyen
3136561,Active,Label,[3] Long Video,,,0,Alva Nguyen
3136565,Active,Label,[3] Digital Illustration,,,9,Alva Nguyen
3136566,Active,Label,[3] Animation,,,8,Alva Nguyen
3136567,Active,Label,[3] Photo,,,46,Alva Nguyen
3136568,Active,Label,[3] Meme,,,3,Alva Nguyen
3136570,Active,Label,[4] Press Release,,,14,Alva Nguyen
3136571,Active,Label,[4] External Report,,,5,Alva Nguyen
3136573,Active,Label,[4] External Landing Page,,,37,Alva Nguyen
3143809,Active,Label,[4] Post Event/ Webinar,,,3,Alva Nguyen
3143821,Active,Label,[3] Watch Video,,,0,Alva Nguyen
3243928,Active,Label,[2] Global South,,,5,Ali Hanson
3271095,Active,Label,graphic (olivia),,,17,Benson Kibiti
3279756,Active,Label,recent post (no graphic),,,14,Benson Kibiti
3300374,Active,Label,nycw24,,RMI,45,Barbara Lantz
3355445,Active,Label,Corporate,,,2,Ali Hanson
